app,component,evidence_class,status_2026-09-15,recommended_disposition,evidence_note
Binge,au.com.binge.tv/au.com.foxsports.martian.tv.main.MainActivity,TV streaming,wrong/non-TV package; separate official TV package exists,remove both; inspect au.com.streamotion.ares.tv launcher,"Official current Android TV listing is Binge for Android TV, au.com.streamotion.ares.tv (updated 2026-09-03). Catalog uses mobile/current au.com.streamotion.ares or obsolete au.com.binge.tv with an unsupported copied activity"
Binge,au.com.streamotion.ares/au.com.foxsports.martian.tv.main.MainActivity,TV streaming,wrong/non-TV package; separate official TV package exists,remove both; inspect au.com.streamotion.ares.tv launcher,"Official current Android TV listing is Binge for Android TV, au.com.streamotion.ares.tv (updated 2026-09-03). Catalog uses mobile/current au.com.streamotion.ares or obsolete au.com.binge.tv with an unsupported copied activity"
Core Doctor,dev.corebuilds.doctor/.MainActivity,local source,confirmed,clear unverified flag,doctor/app/src/main/AndroidManifest.xml plus matching Gradle applicationId; exported .MainActivity with MAIN launcher intent
Core Line,dev.corebuilds.line/.MainActivity,local source,confirmed,clear unverified flag,ticker/android/app/src/main/AndroidManifest.xml plus matching Gradle applicationId; exported .MainActivity with MAIN launcher intent
Core Shift,dev.corebuilds.shift/.MainActivity,local source,confirmed,clear unverified flag,shift/app/src/main/AndroidManifest.xml plus matching Gradle applicationId; exported .MainActivity with MAIN launcher intent
DS audio,com.synology.dsaudio/com.synology.dsaudio.ui.SplashActivity,Synology legacy/mobile,wrong package case / non-TV listing,remove three mappings,"Official Play package is case-sensitive com.synology.DSaudio, not catalog com.synology.dsaudio; listing exposes phone, Chromebook and tablet, not TV"
DS audio,com.synology.dsaudio/.ui.SplashActivity,Synology legacy/mobile,wrong package case / non-TV listing,remove three mappings,"Official Play package is case-sensitive com.synology.DSaudio, not catalog com.synology.dsaudio; listing exposes phone, Chromebook and tablet, not TV"
DS audio,com.synology.dsaudio/com.synology.dsaudio.MainActivity,Synology legacy/mobile,wrong package case / non-TV listing,remove three mappings,"Official Play package is case-sensitive com.synology.DSaudio, not catalog com.synology.dsaudio; listing exposes phone, Chromebook and tablet, not TV"
DS file,com.synology.DSfile/com.synology.DSfile.ui.activity.SplashActivity,Synology legacy/mobile,non-TV listing / speculative activities,remove four automatic mappings; retain manual icon only if policy permits,"Official com.synology.DSfile listing exposes phone, Chromebook and tablet, not TV; catalog contains three guessed activities plus unrelated com.hisona.dsfile"
DS file,com.synology.DSfile/.ui.activity.SplashActivity,Synology legacy/mobile,non-TV listing / speculative activities,remove four automatic mappings; retain manual icon only if policy permits,"Official com.synology.DSfile listing exposes phone, Chromebook and tablet, not TV; catalog contains three guessed activities plus unrelated com.hisona.dsfile"
DS file,com.synology.DSfile/com.synology.DSfile.MainActivity,Synology legacy/mobile,non-TV listing / speculative activities,remove four automatic mappings; retain manual icon only if policy permits,"Official com.synology.DSfile listing exposes phone, Chromebook and tablet, not TV; catalog contains three guessed activities plus unrelated com.hisona.dsfile"
DS file,com.hisona.dsfile/com.hisona.dsfile.MainActivity,Synology legacy/mobile,non-TV listing / speculative activities,remove four automatic mappings; retain manual icon only if policy permits,"Official com.synology.DSfile listing exposes phone, Chromebook and tablet, not TV; catalog contains three guessed activities plus unrelated com.hisona.dsfile"
DS finder,com.synology.DSfinder/com.synology.DSfinder.ui.SplashActivity,Synology legacy/mobile,non-TV listing / speculative activities,remove three automatic mappings,Current official Play listing (updated May 2026) exposes phone and tablet only; no native TV launcher evidence
DS finder,com.synology.DSfinder/.ui.SplashActivity,Synology legacy/mobile,non-TV listing / speculative activities,remove three automatic mappings,Current official Play listing (updated May 2026) exposes phone and tablet only; no native TV launcher evidence
DS finder,com.synology.DSfinder/com.synology.DSfinder.MainActivity,Synology legacy/mobile,non-TV listing / speculative activities,remove three automatic mappings,Current official Play listing (updated May 2026) exposes phone and tablet only; no native TV launcher evidence
DS get,com.synology.DSget/com.synology.DSget.ui.SplashActivity,Synology legacy/mobile,wrong/obsolete package,remove three mappings,"Official DS get package is com.synology.DSdownload, not catalog com.synology.DSget; official material describes an Android-device/mobile client, not Android TV"
DS get,com.synology.DSget/.ui.SplashActivity,Synology legacy/mobile,wrong/obsolete package,remove three mappings,"Official DS get package is com.synology.DSdownload, not catalog com.synology.DSget; official material describes an Android-device/mobile client, not Android TV"
DS get,com.synology.DSget/com.synology.DSget.MainActivity,Synology legacy/mobile,wrong/obsolete package,remove three mappings,"Official DS get package is com.synology.DSdownload, not catalog com.synology.DSget; official material describes an Android-device/mobile client, not Android TV"
DS photo,com.synology.dsphoto/com.synology.dsphoto.ui.SplashActivity,Synology legacy/mobile,legacy but Play reports TV compatibility,inspect current/last official APK before clearing or pruning,"Official com.synology.dsphoto is DSM 6.2-only and superseded by Synology Photos, but Play reports TV compatibility; exact exported activity remains required"
DS photo,com.synology.dsphoto/.ui.SplashActivity,Synology legacy/mobile,legacy but Play reports TV compatibility,inspect current/last official APK before clearing or pruning,"Official com.synology.dsphoto is DSM 6.2-only and superseded by Synology Photos, but Play reports TV compatibility; exact exported activity remains required"
DS photo,com.synology.dsphoto/com.synology.dsphoto.MainActivity,Synology legacy/mobile,legacy but Play reports TV compatibility,inspect current/last official APK before clearing or pruning,"Official com.synology.dsphoto is DSM 6.2-only and superseded by Synology Photos, but Play reports TV compatibility; exact exported activity remains required"
DS video,com.synology.dsvideo/com.synology.dsvideo.ui.SplashActivity,Synology legacy/mobile,native TV app; catalog activities conflict with inspected older TV build,replace guessed Splash/Main rows with verified 1.1.8 launcher activity,"Official Android TV 1.1.8 exists (June 2024). Decompiled 1.1.7 and successful ADB report com.synology.dsvideo.ui.WelcomeActivity, not catalog SplashActivity/MainActivity; confirm unchanged in 1.1.8"
DS video,com.synology.dsvideo/.ui.SplashActivity,Synology legacy/mobile,native TV app; catalog activities conflict with inspected older TV build,replace guessed Splash/Main rows with verified 1.1.8 launcher activity,"Official Android TV 1.1.8 exists (June 2024). Decompiled 1.1.7 and successful ADB report com.synology.dsvideo.ui.WelcomeActivity, not catalog SplashActivity/MainActivity; confirm unchanged in 1.1.8"
DS video,com.synology.dsvideo/com.synology.dsvideo.MainActivity,Synology legacy/mobile,native TV app; catalog activities conflict with inspected older TV build,replace guessed Splash/Main rows with verified 1.1.8 launcher activity,"Official Android TV 1.1.8 exists (June 2024). Decompiled 1.1.7 and successful ADB report com.synology.dsvideo.ui.WelcomeActivity, not catalog SplashActivity/MainActivity; confirm unchanged in 1.1.8"
Files,com.google.android.documentsui/com.android.documentsui.files.FilesActivity,proprietary/system file manager,unresolved,inspect exact APK/firmware or ADB; prune guessed fallback,launcher export may differ by version/OEM
Files,com.google.android.apps.nbu.files/.home.HomeActivity,proprietary/system file manager,unresolved,inspect exact APK/firmware or ADB; prune guessed fallback,launcher export may differ by version/OEM
Ghost Commander,com.ghostsq.commander/com.ghostsq.commander.FileCommander,public source manifest,historically confirmed,inspect F-Droid 479/current source before clearing,"svn2github/ghostcommander c8ba8a3ee97676a57c4962ed689827bc0b9c774e: .FileCommander has MAIN/LAUNCHER; mirror is 2019, while F-Droid 479 is Dec 2025"
Ghost Commander,com.ghostsq.commander/.FileCommander,public source manifest,historically confirmed,inspect F-Droid 479/current source before clearing,"svn2github/ghostcommander c8ba8a3ee97676a57c4962ed689827bc0b9c774e: .FileCommander has MAIN/LAUNCHER; mirror is 2019, while F-Droid 479 is Dec 2025"
HDMI Source,com.spocky.projengmenu/.activities.input.SourceHDMI1Activity,Projectivy internal shortcut,obsolete namespace,remove after 4.71 comparison,Projectivy developer states 4.0.1 refactor moved .activities paths; absent from 4.66 inventory
HDMI Source,com.spocky.projengmenu/.activities.input.SourceHDMI2Activity,Projectivy internal shortcut,obsolete namespace,remove after 4.71 comparison,Projectivy developer states 4.0.1 refactor moved .activities paths; absent from 4.66 inventory
HDMI Source,com.spocky.projengmenu/.activities.input.SourceHDMI3Activity,Projectivy internal shortcut,obsolete namespace,remove after 4.71 comparison,Projectivy developer states 4.0.1 refactor moved .activities paths; absent from 4.66 inventory
HDMI Source,com.spocky.projengmenu/.activities.input.SourceHDMI4Activity,Projectivy internal shortcut,obsolete namespace,remove after 4.71 comparison,Projectivy developer states 4.0.1 refactor moved .activities paths; absent from 4.66 inventory
HDMI Source,com.spocky.projengmenu/.ui.guidedActions.activities.input.SourceHDMI1Activity,Projectivy internal shortcut,confirmed in 4.66 inventory,inspect official 4.71 APK; then clear if unchanged,Hybrid Analysis full activity inventory for Projectivy 4.66 ST; XDA developer thread corroborates guidedActions HDMI namespace
HDMI Source,com.spocky.projengmenu/.ui.guidedActions.activities.input.SourceHDMI2Activity,Projectivy internal shortcut,confirmed in 4.66 inventory,inspect official 4.71 APK; then clear if unchanged,Hybrid Analysis full activity inventory for Projectivy 4.66 ST; XDA developer thread corroborates guidedActions HDMI namespace
HDMI Source,com.spocky.projengmenu/.ui.guidedActions.activities.input.SourceHDMI3Activity,Projectivy internal shortcut,confirmed in 4.66 inventory,inspect official 4.71 APK; then clear if unchanged,Hybrid Analysis full activity inventory for Projectivy 4.66 ST; XDA developer thread corroborates guidedActions HDMI namespace
HDMI Source,com.spocky.projengmenu/.ui.guidedActions.activities.input.SourceHDMI4Activity,Projectivy internal shortcut,confirmed in 4.66 inventory,inspect official 4.71 APK; then clear if unchanged,Hybrid Analysis full activity inventory for Projectivy 4.66 ST; XDA developer thread corroborates guidedActions HDMI namespace
Hi Browser,com.hisense.odinbrowser/com.hisense.odinbrowser.MainActivity,obscure/device-specific,unresolved,exact APK plus export check or prune,no reliable public launcher-activity evidence captured
Hi Browser,com.hisense.odinbrowser/com.hisense.odinbrowser.ui.MainActivity,obscure/device-specific,unresolved,exact APK plus export check or prune,no reliable public launcher-activity evidence captured
Hi Browser,com.hisense.odinbrowser/com.hisense.odinbrowser.browser.MainActivity,obscure/device-specific,unresolved,exact APK plus export check or prune,no reliable public launcher-activity evidence captured
Kayo,au.com.streamotion.hyperion/au.com.foxsports.martian.tv.main.MainActivity,TV streaming,wrong/legacy package; separate official TV package exists,remove; inspect au.com.kayosports.tv launcher,"Official current listing is Kayo Sports - for Android TV, au.com.kayosports.tv. Catalog au.com.streamotion.hyperion is not the current TV identity; copied martian activity remains unsupported"
Launcher Manager,com.wolf.lms/com.wolf.lm.main.MainActivity,obscure/device-specific,unresolved,exact APK plus export check or prune,no reliable public launcher-activity evidence captured
Launcher Manager,com.wolf.lms/.MainActivity,obscure/device-specific,unresolved,exact APK plus export check or prune,no reliable public launcher-activity evidence captured
BitTV,com.bittv.androiddigitaltvapp/com.bittv.androiddigitaltvapp.MainActivity,obscure/device-specific,unresolved,exact APK plus export check or prune,no reliable public launcher-activity evidence captured
BitTV,com.bittv.androiddigitaltvapp/com.bittv.androiddigitaltvapp.ui.MainActivity,obscure/device-specific,unresolved,exact APK plus export check or prune,no reliable public launcher-activity evidence captured
Material Files,me.zhanghai.android.files/me.zhanghai.android.files.filelist.FileListActivity,public source manifest,confirmed,clear both equivalent spellings,"zhanghai/MaterialFiles commit fc1250038496ebf4d4c139f62d16f0071f2c995a: exported FileListActivity has MAIN, LAUNCHER and LEANBACK_LAUNCHER"
Material Files,me.zhanghai.android.files/.filelist.FileListActivity,public source manifest,confirmed,clear both equivalent spellings,"zhanghai/MaterialFiles commit fc1250038496ebf4d4c139f62d16f0071f2c995a: exported FileListActivity has MAIN, LAUNCHER and LEANBACK_LAUNCHER"
Nintendo Switch,com.nintendo.znba/.MainActivity,phone/console companion,identity collision: package is Nintendo Music; phone-only,remove mapping and correct catalog identity separately,"com.nintendo.znba is Nintendo Music, not Nintendo Switch; published as a smartphone music app. Nintendo Switch App is separate com.nintendo.znca and also phone/Chromebook/tablet"
PlayStation,com.playstation.remoteplay/.MainActivity,phone/console companion,wrong form-factor package,remove mobile mapping; investigate TV package com.playstation.remoteplay.tv,Official PS Remote Play mobile package com.playstation.remoteplay is phone/desktop/tablet. Native Android TV app is separately published as com.playstation.remoteplay.tv for Android TV OS 12+
PlayStation,com.scee.psxandroid/.MainActivity,phone/console companion,TV listing signal but guessed activity,inspect split delivered to TV; remove .MainActivity guess unless exact,PlayStation App package com.scee.psxandroid has inconsistent Play form-factor reporting; .MainActivity is unsupported by evidence and native Remote Play uses a separate TV package
RS File Manager,com.rs.explorer.filemanager/com.rs.explorer.filemanager.MainActivity,proprietary/system file manager,unresolved,inspect exact APK/firmware or ADB; prune guessed fallback,launcher export may differ by version/OEM
RS File Manager,com.rs.explorer.filemanager/.MainActivity,proprietary/system file manager,unresolved,inspect exact APK/firmware or ADB; prune guessed fallback,launcher export may differ by version/OEM
Screen Recording App,de.twokit.screen.recording.app/de.twokit.screen.recording.app.MainActivity,obscure/device-specific,unresolved,exact APK plus export check or prune,no reliable public launcher-activity evidence captured
Screen Recording App,de.twokit.screen.recording.app/de.twokit.screen.recording.app.ui.MainActivity,obscure/device-specific,unresolved,exact APK plus export check or prune,no reliable public launcher-activity evidence captured
Screen Recording App,de.twokit.screen.recording.app/de.twokit.screen.recording.app.tv.TvMainActivity,obscure/device-specific,unresolved,exact APK plus export check or prune,no reliable public launcher-activity evidence captured
Seven Plus,com.swm.live/au.com.seven.inferno.MainActivity,TV streaming,unresolved,inspect signed TV APK or capture ADB,current package/activity evidence required; retain unverified meanwhile
Seven Plus,com.swm.live/.MainActivity,TV streaming,unresolved,inspect signed TV APK or capture ADB,current package/activity evidence required; retain unverified meanwhile
Solid Explorer,pl.solidexplorer2/pl.solidexplorer2.SolidExplorer,proprietary/system file manager,unresolved,inspect exact APK/firmware or ADB; prune guessed fallback,launcher export may differ by version/OEM
Solid Explorer,pl.solidexplorer2/.SolidExplorer,proprietary/system file manager,unresolved,inspect exact APK/firmware or ADB; prune guessed fallback,launcher export may differ by version/OEM
Stremize,com.stremize.player/.MainActivity,obscure/device-specific,unresolved,exact APK plus export check or prune,no reliable public launcher-activity evidence captured
Stremize,com.stremize.player/com.stremize.player.MainActivity,obscure/device-specific,unresolved,exact APK plus export check or prune,no reliable public launcher-activity evidence captured
Synology Drive,com.synology.server.SynologyDrive/com.synology.server.SynologyDrive.ui.SplashActivity,Synology legacy/mobile,legacy packages superseded / non-TV listing,remove three legacy mappings; do not substitute current mobile package,"Current official package is com.synology.dsdrive and Play exposes phone, Chromebook and tablet; catalog packages com.synology.server.SynologyDrive and com.synology.dscloud are legacy identities"
Synology Drive,com.synology.dscloud/com.synology.dscloud.ui.SplashActivity,Synology legacy/mobile,legacy packages superseded / non-TV listing,remove three legacy mappings; do not substitute current mobile package,"Current official package is com.synology.dsdrive and Play exposes phone, Chromebook and tablet; catalog packages com.synology.server.SynologyDrive and com.synology.dscloud are legacy identities"
Synology Drive,com.synology.dscloud/.ui.SplashActivity,Synology legacy/mobile,legacy packages superseded / non-TV listing,remove three legacy mappings; do not substitute current mobile package,"Current official package is com.synology.dsdrive and Play exposes phone, Chromebook and tablet; catalog packages com.synology.server.SynologyDrive and com.synology.dscloud are legacy identities"
Twitch,tv.twitch.android.app/tv.twitch.android.apps.TwitchActivity,TV streaming,unresolved,inspect signed TV APK or capture ADB,current package/activity evidence required; retain unverified meanwhile
Ultimate File Manager Pro,za.kilowatch.ultimatefilemanager/.MainActivity,proprietary/system file manager,unresolved,inspect exact APK/firmware or ADB; prune guessed fallback,launcher export may differ by version/OEM
Ultimate File Manager Pro,za.kilowatch.ultimatefilemanager/za.kilowatch.ultimatefilemanager.MainActivity,proprietary/system file manager,unresolved,inspect exact APK/firmware or ADB; prune guessed fallback,launcher export may differ by version/OEM
Vidio,com.vidio.android/com.vidio.android.splashscreen.SplashScreenActivity,TV streaming,wrong form-factor package; separate official TV package exists,remove both; inspect com.vidio.android.tv launcher,"Official current TV listing is com.vidio.android.tv (TV-only, updated 2026-09-15). Catalog uses mobile com.vidio.android with two unsupported activity guesses"
Vidio,com.vidio.android/com.vidio.android.MainActivity,TV streaming,wrong form-factor package; separate official TV package exists,remove both; inspect com.vidio.android.tv launcher,"Official current TV listing is com.vidio.android.tv (TV-only, updated 2026-09-15). Catalog uses mobile com.vidio.android with two unsupported activity guesses"
Xbox,com.microsoft.xboxone.gamepass/.MainActivity,phone/console companion,wrong/unpublished package identity,remove mapping; research current supported TV product separately,No authoritative current app found for com.microsoft.xboxone.gamepass. Official Game Pass app package is com.gamepass; current Xbox app is com.microsoft.xboxone.smartglass. Do not infer TV activity from the Xbox brand
AV Source,com.spocky.projengmenu/.activities.input.SourceAVActivity,Projectivy internal shortcut,obsolete namespace,remove after 4.71 comparison,Projectivy developer states 4.0.1 refactor moved .activities paths; absent from 4.66 inventory
AV Source,com.spocky.projengmenu/.ui.guidedActions.activities.input.SourceAVActivity,Projectivy internal shortcut,confirmed in 4.66 inventory,inspect official 4.71 APK; then clear if unchanged,Hybrid Analysis full activity inventory for Projectivy 4.66 ST; XDA developer thread corroborates guidedActions HDMI namespace
Projectivy Settings,com.spocky.projengmenu/.ui.settings.SettingsActivity,Projectivy internal shortcut,confirmed in 4.66 inventory,inspect official 4.71 APK; then clear if unchanged,Hybrid Analysis full activity inventory for Projectivy 4.66 ST; XDA developer thread corroborates guidedActions HDMI namespace
Projectivy Settings,com.spocky.projengmenu/.ui.guidedActions.activities.settings.AppSettingsActivity,Projectivy internal shortcut,confirmed in 4.66 inventory,inspect official 4.71 APK; then clear if unchanged,Hybrid Analysis full activity inventory for Projectivy 4.66 ST; XDA developer thread corroborates guidedActions HDMI namespace
Projectivy Categories,com.spocky.projengmenu/.ui.guidedActions.activities.shortcut.CategoryShortcutActivity,Projectivy internal shortcut,not found / likely wrong class,replace only with exact 4.71 exported shortcut or remove,"Absent from 4.66 activity inventory; nearby actual classes include InternalTvActivity, SourcePopupActivity and MediaExplorerActivity"
Projectivy Categories,com.spocky.projengmenu/.ui.launcherActivities.CategoryShortcutActivity,Projectivy internal shortcut,not found / likely wrong class,replace only with exact 4.71 exported shortcut or remove,"Absent from 4.66 activity inventory; nearby actual classes include InternalTvActivity, SourcePopupActivity and MediaExplorerActivity"
Projectivy Channels,com.spocky.projengmenu/.ui.guidedActions.activities.shortcut.ChannelShortcutActivity,Projectivy internal shortcut,not found / likely wrong class,replace only with exact 4.71 exported shortcut or remove,"Absent from 4.66 activity inventory; nearby actual classes include InternalTvActivity, SourcePopupActivity and MediaExplorerActivity"
Projectivy Channels,com.spocky.projengmenu/.ui.launcherActivities.ChannelShortcutActivity,Projectivy internal shortcut,not found / likely wrong class,replace only with exact 4.71 exported shortcut or remove,"Absent from 4.66 activity inventory; nearby actual classes include InternalTvActivity, SourcePopupActivity and MediaExplorerActivity"
TV Source,com.spocky.projengmenu/.activities.input.SourceTVActivity,Projectivy internal shortcut,obsolete namespace,remove after 4.71 comparison,Projectivy developer states 4.0.1 refactor moved .activities paths; absent from 4.66 inventory
TV Source,com.spocky.projengmenu/.ui.guidedActions.activities.input.SourceTVActivity,Projectivy internal shortcut,not found / likely wrong class,replace only with exact 4.71 exported shortcut or remove,"Absent from 4.66 activity inventory; nearby actual classes include InternalTvActivity, SourcePopupActivity and MediaExplorerActivity"
Source,com.spocky.projengmenu/.activities.input.SourceActivity,Projectivy internal shortcut,obsolete namespace,remove after 4.71 comparison,Projectivy developer states 4.0.1 refactor moved .activities paths; absent from 4.66 inventory
Source,com.spocky.projengmenu/.ui.guidedActions.activities.input.SourceActivity,Projectivy internal shortcut,not found / likely wrong class,replace only with exact 4.71 exported shortcut or remove,"Absent from 4.66 activity inventory; nearby actual classes include InternalTvActivity, SourcePopupActivity and MediaExplorerActivity"
Media Explorer,com.spocky.projengmenu/.ui.guidedActions.activities.shortcut.MediaExplorerShortcutActivity,Projectivy internal shortcut,not found / likely wrong class,replace only with exact 4.71 exported shortcut or remove,"Absent from 4.66 activity inventory; nearby actual classes include InternalTvActivity, SourcePopupActivity and MediaExplorerActivity"
Media Explorer,com.spocky.projengmenu/.ui.launcherActivities.MediaExplorerShortcutActivity,Projectivy internal shortcut,not found / likely wrong class,replace only with exact 4.71 exported shortcut or remove,"Absent from 4.66 activity inventory; nearby actual classes include InternalTvActivity, SourcePopupActivity and MediaExplorerActivity"
